"sim","look","level","p_seed1","p_seed2","p_mc_alpha","integrated","p_precise"
347,1,0.00302587404325695,0.00298122358897701,0.0031152794297592,0.00315598580093535,TRUE,0.00331905350668749
805,1,0.00302587404325695,0.00270501703297621,0.00265218430473946,0.00305365379023648,TRUE,0.00282935280480101
931,1,0.00302587404325695,0.00300643999739147,0.00268984654092375,0.00308915241639918,TRUE,0.00301486508283832
948,1,0.00302587404325695,0.00303792523420332,0.00287345700370434,0.0027241294125071,TRUE,0.00295541726237014
1214,1,0.00302587404325695,0.00309190395399672,0.00306311232726131,0.0030170615909032,TRUE,0.00306676019699015
1285,1,0.00302587404325695,0.00298825762861377,0.00320372931180413,0.00333542027133604,TRUE,0.00321048802467361
1389,1,0.00302587404325695,0.00293217438517657,0.00282844508972746,0.00331094108862928,TRUE,0.00324704794540431
2125,1,0.00302587404325695,0.00299127348419381,0.00303518254769686,0.0032029221549843,TRUE,0.00320491589283423
2232,1,0.00302587404325695,0.0029290573286983,0.0032407985441737,0.00312459480116212,TRUE,0.00331273387094289
2650,1,0.00302587404325695,0.00315531655406065,0.00289800827731324,0.00278769311431537,TRUE,0.00314444015502524
2667,1,0.00302587404325695,0.00296670319345027,0.00325107294833082,0.00319392509813465,TRUE,0.00336929963070576
2707,1,0.00302587404325695,0.00322990376227983,0.00301596663976111,0.00297972343463049,TRUE,0.00320331698995613
2844,1,0.00302587404325695,0.00308249366332192,0.00313124345907578,0.00277343736647728,TRUE,0.00314154427231017
2867,1,0.00302587404325695,0.00297428833209334,0.0032914104872569,0.00329821369981387,TRUE,0.00345532361190126
3235,1,0.00302587404325695,0.00324751164028281,0.00316663355752433,0.00298959349739325,TRUE,0.00324895343230747
3360,1,0.00302587404325695,0.00308257669312972,0.00288147566099173,0.00288109193578745,TRUE,0.00306423973741043
3463,1,0.00302587404325695,0.00310449655059053,0.00312573196162702,0.00285203327300776,TRUE,0.00309662045544867
3804,1,0.00302587404325695,0.00282448248928169,0.00275215130390949,0.00309031619651623,TRUE,0.00301196610995569
4203,1,0.00302587404325695,0.00281184193556405,0.0027812824738469,0.00302901765742714,TRUE,0.00307248883842348
4330,1,0.00302587404325695,0.0030403987190375,0.0030614444426833,0.00267113391984852,TRUE,0.0030978797828064
5057,1,0.00302587404325695,0.00292884966361506,0.00256208314821671,0.00310433317823389,TRUE,0.00301389940336994
5472,1,0.00302587404325695,0.00314669694167857,0.00310024211241067,0.002905246634613,TRUE,0.00295265937129241
5588,1,0.00302587404325695,0.00302931531822637,0.00279142153404222,0.00274915273025489,TRUE,0.0031224715270084
5722,1,0.00302587404325695,0.00308204106402687,0.00293686903418089,0.00287563700589499,TRUE,0.00310438089665488
6026,1,0.00302587404325695,0.00295321987844599,0.00289559457627475,0.00302832534593833,TRUE,0.00307557566829375
6039,1,0.00302587404325695,0.00299511908546279,0.00313431071843373,0.00309042454733965,TRUE,0.00314320772671195
6080,1,0.00302587404325695,0.00306041874643226,0.00294262425891767,0.00289868810613436,TRUE,0.0030838568676913
6180,1,0.00302587404325695,0.00290071857410756,0.00309260936203815,0.00321006019895487,TRUE,0.0032220608174901
6279,1,0.00302587404325695,0.00327631522904703,0.00341010543883413,0.0030225656251871,TRUE,0.00342050692763252
6471,1,0.00302587404325695,0.00311989117761335,0.00301664087980502,0.00284237259721676,TRUE,0.00320092849766918
6640,1,0.00302587404325695,0.00292593606630431,0.00288802408587319,0.00317257816467009,TRUE,0.00314481971221225
7423,1,0.00302587404325695,0.00319502486046686,0.00271642314973086,0.00288010541880657,TRUE,0.00308195461928917
7542,1,0.00302587404325695,0.0030643732548874,0.00310496588282028,0.00288876047599573,TRUE,0.00316527323349003
7603,1,0.00302587404325695,0.00306835773041614,0.00278060573903915,0.00293981144387312,TRUE,0.00313765437587032
7709,1,0.00302587404325695,0.00282336832869245,0.00314072342770355,0.00307426240551179,TRUE,0.00314873428183038
7719,1,0.00302587404325695,0.00299937946299933,0.00326135973000496,0.00321461305267401,TRUE,0.0032384379648257
7920,1,0.00302587404325695,0.00291186470756921,0.00336856518338291,0.00307791538912472,TRUE,0.00336918152617183
8053,1,0.00302587404325695,0.00316614082661848,0.00296520114878596,0.00283257104620993,TRUE,0.00307036617888523
8072,1,0.00302587404325695,0.00271856621043176,0.00299953697820665,0.00325497468819003,TRUE,0.00319456676878072
8106,1,0.00302587404325695,0.00309430951206613,0.00314397621205886,0.00302564131335881,TRUE,0.00325992155375265
8884,1,0.00302587404325695,0.00283957941972512,0.00304122782863192,0.00310467129857406,TRUE,0.0031456322716551
9030,1,0.00302587404325695,0.00302172798394118,0.00291102025214263,0.00306114220851772,TRUE,0.00318760472792234
9086,1,0.00302587404325695,0.00263510636715825,0.00275795954019986,0.00306976965626082,TRUE,0.00299941892594335
9188,1,0.00302587404325695,0.00315076083694266,0.00302132360778673,0.00271786522230988,TRUE,0.00317914382163775
9270,1,0.00302587404325695,0.00320026230098425,0.00318234624531477,0.00290569032568277,TRUE,0.00332433415072675
9502,1,0.00302587404325695,0.00305566302055571,0.00315943134082397,0.00284638303483964,TRUE,0.00315952724871194
9789,1,0.00302587404325695,0.00304894837129155,0.00311574476965737,0.00283101022699128,TRUE,0.0031365700479572
