"batch","nsim","rejections","sum_z","sum_z2","sum_cutoff","sum_cutoff2","min_events","max_events","sum_log_hr","sum_log_hr2"
1,10000,9307,-34438.5065559734,128658.668008454,215808.321294337,4661472.04280918,380,380,-3543.06869813944,1362.06623156502
2,10000,9276,-34255.1061628534,127320.683102582,215769.86822171,4659724.4144514,380,380,-3524.17983671026,1347.60430954032
3,10000,9309,-34514.2847895638,129182.736020971,215808.793326911,4661400.37929296,380,380,-3550.65897570933,1367.08794577205
4,10000,9303,-34256.2514633837,127422.263341307,215614.976558086,4653042.15863377,380,380,-3523.89634088354,1348.46236786293
5,10000,9312,-34455.1787263676,128797.271628115,215700.045616587,4656743.46798062,380,380,-3542.12050136632,1361.21031815638
6,10000,9321,-34344.3238210143,127820.155543616,215797.998212331,4660992.36487458,380,380,-3533.37603227722,1352.83269320602
7,10000,9296,-34396.3790021026,128549.932678558,215721.233543544,4657604.00861648,380,380,-3537.57609418483,1359.66448575228
8,10000,9318,-34514.7530066966,129300.597739727,215743.627365769,4658615.44875498,380,380,-3550.29862810734,1368.21648056419
9,10000,9282,-34259.6116033841,127306.507995659,215736.697464882,4658393.20750843,380,380,-3524.70836216614,1347.57705369425
10,10000,9347,-34668.5164068319,130363.364278588,215776.040146015,4659944.07521437,380,380,-3566.30641217287,1379.33565684522
