"item","value"
"run_at","2026-10-09 14:13:43"
"time_zone","Asia/Tokyo"
"r_version","R version 4.6.0 (2026-04-24 ucrt)"
"os","Windows 11 x64 (build 26200)"
"cpu","Intel(R) Core(TM) Ultra 7 155H"
"logical_cores","22"
"physical_cores","16"
"memory_gb","15.4"
"pkg_FastSurvival","1.1.0"
"pkg_simtrial","1.1.0"
"pkg_TrialSimulator","1.35.8"
"pkg_gsDesign","3.11.0"
"pkg_survival","3.8-12"
"pkg_survRM2","1.0-4"
"pkg_nph","2.1"
"pkg_nphRCT","0.1.1"
"pkg_survAH","1.2.0"
"pkg_microbenchmark","1.5.0"
"pkg_mvtnorm","1.4-2"
"pkg_dqrng","0.4.1"
"pkg_Rcpp","1.1.1-1.1"
"pkg_future","1.70.0"
